id,user_type/id,code,type,name,parent_id/id,reconcile
__export__.account_account_L0,account.data_account_type_view,0,View,Your Company,,0
__export__.account_account_4343,account.account_type_asset_view1,L1,View,TURTAS,__export__.account_account_L0,0
__export__.account_account_4344,account.account_type_asset_view1,L11,View,NEMATERIALUS TURTAS,__export__.account_account_4343,0
__export__.account_account_4345,account.account_type_asset_view1,L111,View,PLĖTROS DARBAI,__export__.account_account_4344,0
__export__.account_account_4346,account.data_account_type_asset,L1110,Regular,Įsigijimo savikaina (Plėtros darbai),__export__.account_account_4345,0
__export__.account_account_4347,account.data_account_type_expense,L1118,Regular,Amortizacija(-) (Plėtros darbai),__export__.account_account_4345,0
__export__.account_account_4348,account.data_account_type_expense,L1119,Regular,Vertės sumažėjimas(-) (Plėtros darbai),__export__.account_account_4345,0
__export__.account_account_4349,account.account_type_asset_view1,L112,View,PRESTIŽAS,__export__.account_account_4344,0
__export__.account_account_4350,account.data_account_type_asset,L1120,Regular,Įsigijimo savikaina (Prestižas),__export__.account_account_4349,0
__export__.account_account_4351,account.data_account_type_expense,L1128,Regular,Amortizacija(-) (Prestižas),__export__.account_account_4349,0
__export__.account_account_4352,account.data_account_type_expense,L1129,Regular,Vertės sumažėjimas(-) (Prestižas),__export__.account_account_4349,0
__export__.account_account_4353,account.account_type_asset_view1,L113,View,PATENTAI,__export__.account_account_4344,0
__export__.account_account_4354,account.data_account_type_asset,L1130,Regular,Įsigijimo savikaina (Patentai,__export__.account_account_4353,0
__export__.account_account_4355,account.data_account_type_expense,L1138,Regular,Amortizacija(-) (Patentai,__export__.account_account_4353,0
__export__.account_account_4356,account.data_account_type_expense,L1139,Regular,Vertės sumažėjimas(-) (Patentai,__export__.account_account_4353,0
__export__.account_account_4357,account.account_type_asset_view1,L114,View,PROGRAMINĖ ĮRANGA,__export__.account_account_4344,0
__export__.account_account_4358,account.data_account_type_asset,L1140,Regular,Įsigijimo savikaina (Programinė įranga),__export__.account_account_4357,0
__export__.account_account_4359,account.data_account_type_expense,L1148,Regular,Amortizacija(-) (Programinė įranga),__export__.account_account_4357,0
__export__.account_account_4360,account.data_account_type_expense,L1149,Regular,Vertės sumažėjimas(-) (Programinė įranga),__export__.account_account_4357,0
__export__.account_account_4361,account.account_type_asset_view1,L115,View,KITAS NEMATERIALUS TURTAS,__export__.account_account_4344,0
__export__.account_account_4362,account.data_account_type_asset,L1150,Regular,Įsigijimo savikaina (Kitas nematerialus turtas),__export__.account_account_4361,0
__export__.account_account_4363,account.data_account_type_asset,L1151,Regular,Išankstiniai apmokėjimai (Kitas nematerialus turtas),__export__.account_account_4361,0
__export__.account_account_4364,account.data_account_type_expense,L1158,Regular,Amortizacija(-) (Kitas nematerialus turtas),__export__.account_account_4361,0
__export__.account_account_4365,account.data_account_type_expense,L1159,Regular,Vertės sumažėjimas(-) (Kitas nematerialus turtas),__export__.account_account_4361,0
__export__.account_account_4366,account.account_type_asset_view1,L12,View,MATERIALUS TURTAS,__export__.account_account_4343,0
__export__.account_account_4367,account.account_type_asset_view1,L120,View,ŽEMĖ,__export__.account_account_4366,0
__export__.account_account_4368,account.data_account_type_asset,L1200,Regular,Įsigijimo savikaina (žemė),__export__.account_account_4367,0
__export__.account_account_4369,account.data_account_type_asset,L1201,Regular,Perkainojimas (žemė),__export__.account_account_4367,0
__export__.account_account_4370,account.data_account_type_expense,L1209,Regular,Vertės sumažėjimas (žemė),__export__.account_account_4367,0
__export__.account_account_4371,account.account_type_asset_view1,L121,View,PASTATAI IR STATINIAI,__export__.account_account_4366,0
__export__.account_account_4372,account.data_account_type_asset,L1210,Regular,Įsigijimo savikaina (Pastatai ir statiniai),__export__.account_account_4371,0
__export__.account_account_4373,account.data_account_type_asset,L1211,Regular,Perkainojimas (Pastatai ir statiniai),__export__.account_account_4371,0
__export__.account_account_4374,account.data_account_type_asset,L1212,Regular,Ruošiami naudoti (Pastatai ir statiniai),__export__.account_account_4371,0
__export__.account_account_4375,account.data_account_type_asset,L1217,Regular,Įsigijimo savikainos nusidėvėjimas(-) (Pastatai ir statiniai),__export__.account_account_4371,0
__export__.account_account_4376,account.data_account_type_expense,L1218,Regular,Perkainuotos dalies nusidėvėjimas(-) (Pastatai ir statiniai),__export__.account_account_4371,0
__export__.account_account_4377,account.data_account_type_expense,L1219,Regular,Vertės sumažėjimas(-) (Pastatai ir statiniai),__export__.account_account_4371,0
__export__.account_account_4378,account.account_type_asset_view1,L122,View,TRANSPORTO PRIEMONĖS,__export__.account_account_4366,0
__export__.account_account_4379,account.data_account_type_asset,L1220,Regular,Įsigijimo savikaina (Transporto priemonės),__export__.account_account_4378,0
__export__.account_account_4380,account.data_account_type_asset,L1221,Regular,Perkainojimas (Transporto priemonės),__export__.account_account_4378,0
__export__.account_account_4381,account.data_account_type_asset,L1222,Regular,Ruošiamos naudoti (Transporto priemonės),__export__.account_account_4378,0
__export__.account_account_4382,account.data_account_type_expense,L1227,Regular,Įsigijimo savikainos nusidėvėjimas(-) (Transport.),__export__.account_account_4378,0
__export__.account_account_4383,account.data_account_type_expense,L1228,Regular,Perkainuotos dalies nusidėvėjimas(-) (Transport.),__export__.account_account_4378,0
__export__.account_account_4384,account.data_account_type_expense,L1229,Regular,Vertės sumažėjimas(-) (Transporto priemonės),__export__.account_account_4378,0
__export__.account_account_4385,account.account_type_asset_view1,L123,View,KITA ĮRANGA,__export__.account_account_4366,0
__export__.account_account_4388,account.data_account_type_asset,L1230,Regular,Įsigijimo savikaina (Kita įranga,__export__.account_account_4385,0
__export__.account_account_4389,account.data_account_type_asset,L1231,Regular,Perkainojimas (Kita įranga,__export__.account_account_4385,0
__export__.account_account_4390,account.data_account_type_asset,L1232,Regular,Ruošiami naudoti (Kita įranga,__export__.account_account_4385,0
__export__.account_account_4391,account.data_account_type_expense,L1237,Regular,Įsigijimo savikainos nusidėvėjimas(-) (Kita įranga,__export__.account_account_4385,0
__export__.account_account_4392,account.data_account_type_expense,L1238,Regular,Perkainuotos dalies nusidėvėjimas(-) (Kita įranga),__export__.account_account_4385,0
__export__.account_account_4386,account.data_account_type_expense,L1239,Regular,Vertės sumažėjimas(-) (Kita įranga,__export__.account_account_4385,0
__export__.account_account_4387,account.account_type_asset_view1,L124,View,MAŠINOS IR ĮRENGIMAI,__export__.account_account_4366,0
__export__.account_account_4396,account.data_account_type_asset,L1240,Regular,Įsigijimo savikaina (Mašinos ir įrengimai),__export__.account_account_4387,0
__export__.account_account_4397,account.data_account_type_asset,L1241,Regular,Perkainojimas (Mašinos ir įrengimai),__export__.account_account_4387,0
__export__.account_account_4398,account.data_account_type_asset,L1242,Regular,Ruošiamos naudoti (Mašinos ir įrengimai),__export__.account_account_4387,0
__export__.account_account_4399,account.data_account_type_expense,L1247,Regular,Įsigijimo savikainos nusidėvėjimas(-) (Mašinos),__export__.account_account_4387,0
__export__.account_account_4393,account.data_account_type_expense,L1248,Regular,Perkainuotos dalies nusidėvėjimas(-) (Mašinos),__export__.account_account_4387,0
__export__.account_account_4394,account.data_account_type_expense,L1249,Regular,Vertės sumažėjimas(-) (Mašinos ir įrengimai),__export__.account_account_4387,0
__export__.account_account_4395,account.account_type_asset_view1,L125,View,NEBAIGTA STATYBA,__export__.account_account_4366,0
__export__.account_account_4400,account.data_account_type_asset,L1250,Regular,Nebaigtos vykdyti statybų sutartys,__export__.account_account_4395,0
__export__.account_account_4401,account.data_account_type_asset,L1251,Regular,Perkainojimas (Nebaigta statyba),__export__.account_account_4395,0
__export__.account_account_4402,account.data_account_type_asset,L1252,Regular,Išankst. apmok.už nebaigtą statyti IT,__export__.account_account_4395,0
__export__.account_account_4403,account.data_account_type_expense,L1259,Regular,Vertės sumažėjimas(-) (Nebaigta statyba),__export__.account_account_4395,0
__export__.account_account_4404,account.account_type_asset_view1,L126,View,KITAS MATERIALUS TURTAS,__export__.account_account_4366,0
__export__.account_account_4405,account.data_account_type_asset,L1260,Regular,Įsigijimo savikaina (Kitas materialus turtas),__export__.account_account_4404,0
__export__.account_account_4406,account.data_account_type_asset,L1261,Regular,Perkainojimas (Kitas materialus turtas),__export__.account_account_4404,0
__export__.account_account_4407,account.data_account_type_asset,L1262,Regular,Ruošiamas naudoti (Kitas materialus turtas),__export__.account_account_4404,0
__export__.account_account_4408,account.data_account_type_asset,L1263,Regular,Išankstiniai apmokėjimai (Kitas materialus turtas),__export__.account_account_4404,0
__export__.account_account_4409,account.data_account_type_expense,L1267,Regular,Įsigijimo savikainos nusidėvėjimas(-) (Kitas mat.),__export__.account_account_4404,0
__export__.account_account_4410,account.data_account_type_expense,L1268,Regular,Perkainuotos dalies nusidėvėjimas(-) (Kitas mat.),__export__.account_account_4404,0
__export__.account_account_4411,account.data_account_type_expense,L1269,Regular,Vertės sumažėjimas(-) (Kitas materialus turtas),__export__.account_account_4404,0
__export__.account_account_4412,account.account_type_asset_view1,L16,View,FINANSINIS TURTAS,__export__.account_account_4343,0
__export__.account_account_4413,account.account_type_asset_view1,L160,View,INVESTICIJOS Į DUKTERINES IR ASOCIJUOTAS ĮMONES,__export__.account_account_4412,0
__export__.account_account_4417,account.data_account_type_asset,L1600,Regular,Investicijos į dukterines įmones,__export__.account_account_4413,0
__export__.account_account_4416,account.data_account_type_asset,L1601,Regular,Investicijos į asocijuotas įmones,__export__.account_account_4413,0
__export__.account_account_4414,account.data_account_type_expense,L1609,Regular,Vertės sumažėjimas(-) (Investicijos į dukterines įmones),__export__.account_account_4413,0
__export__.account_account_4415,account.account_type_asset_view1,L161,View,PASKOLOS ASOCIJUOTOMS IR DUKTERINĖMS ĮMONĖMS,__export__.account_account_4412,0
__export__.account_account_4418,account.data_account_type_asset,L1610,Regular,Paskolos dukterinėms įmonėms,__export__.account_account_4415,0
__export__.account_account_4419,account.data_account_type_asset,L1611,Regular,Paskolos asocijuotoms įmonėms,__export__.account_account_4415,0
__export__.account_account_4420,account.data_account_type_expense,L1619,Regular,Abejotinos skolos(-) (Pask. asoc. ir dukter. įmonėms),__export__.account_account_4415,0
__export__.account_account_4421,account.account_type_asset_view1,L162,View,PO VIENERIŲ METŲ GAUTINOS SUMOS,__export__.account_account_4412,0
__export__.account_account_4422,account.data_account_type_receivable,L1621,Receivable,Prekybos skolos,__export__.account_account_4421,0
__export__.account_account_4423,account.data_account_type_asset,L1622,Regular,Išankstiniai apmokėjimai,__export__.account_account_4421,0
__export__.account_account_4424,account.data_account_type_asset,L1623,Regular,Lizingo (finansinės nuomos) skolininkai,__export__.account_account_4421,0
__export__.account_account_4425,account.data_account_type_asset,L1624,Regular,Po vienerių metų gautinos sumos,__export__.account_account_4421,0
__export__.account_account_4426,account.data_account_type_expense,L1629,Regular,Abejotinos skolos(-),__export__.account_account_4421,0
__export__.account_account_4427,account.account_type_asset_view1,L163,View,KITAS FINANSINIS TURTAS,__export__.account_account_4412,0
__export__.account_account_4428,account.data_account_type_asset,L1631,Regular,Kitos investicijos,__export__.account_account_4427,0
__export__.account_account_4429,account.data_account_type_asset,L1632,Regular,Ilgalaikės investicijos laikomos iki išpirkimo,__export__.account_account_4427,0
__export__.account_account_4430,account.data_account_type_asset,L1633,Regular,Kitas ilgalaikis finansinis turtas,__export__.account_account_4427,0
__export__.account_account_4431,account.data_account_type_expense,L1639,Regular,Vertės sumažėjimas(-),__export__.account_account_4427,0
__export__.account_account_4432,account.account_type_asset_view1,L164,View,ATIDĖTOJO PELNO MOKESČIO TURTAS,__export__.account_account_4412,0
__export__.account_account_4433,account.data_account_type_asset,L1641,Regular,Atidėtojo pelno mokesčio turtas,__export__.account_account_4432,0
__export__.account_account_4434,account.data_account_type_expense,L1649,Regular,Vertės sumažėjimas(-),__export__.account_account_4432,0
__export__.account_account_4435,account.account_type_asset_view1,L2,View,TRUMPALAIKIS TURTAS,__export__.account_account_L0,0
__export__.account_account_4436,account.account_type_asset_view1,L20,View,ATSARGOS,__export__.account_account_4435,0
__export__.account_account_4437,account.account_type_asset_view1,L201,View,ATSARGOS,__export__.account_account_4436,0
__export__.account_account_4438,account.account_type_asset_view1,L2011,View,ŽALIAVOS IR KOMPLEKTAVIMO GAMINIAI,__export__.account_account_4437,0
__export__.account_account_4439,account.data_account_type_asset,L20110,Regular,Įsigijimo savikaina,__export__.account_account_4438,0
__export__.account_account_4440,account.data_account_type_expense,L20119,Regular,Vertės sumažėjimas(-),__export__.account_account_4438,0
__export__.account_account_4441,account.account_type_asset_view1,L2012,View,NEBAIGTA GAMYBA,__export__.account_account_4437,0
__export__.account_account_4442,account.data_account_type_asset,L20120,Regular,Įsigijimo savikaina,__export__.account_account_4441,0
__export__.account_account_4443,account.data_account_type_expense,L20129,Regular,Vertės sumažėjimas(-),__export__.account_account_4441,0
__export__.account_account_4444,account.account_type_asset_view1,L2013,View,PAGAMINTA PRODUKCIJA,__export__.account_account_4437,0
__export__.account_account_4445,account.data_account_type_asset,L20130,Regular,Įsigijimo savikaina,__export__.account_account_4444,0
__export__.account_account_4446,account.data_account_type_expense,L20139,Regular,Vertės sumažėjimas(-),__export__.account_account_4444,0
__export__.account_account_4447,account.account_type_asset_view1,L2014,View,PIRKTOS PREKĖS,__export__.account_account_4437,0
__export__.account_account_4448,account.data_account_type_asset,L20140,Regular,Įsigijimo savikaina,__export__.account_account_4447,0
__export__.account_account_4449,account.data_account_type_expense,L20149,Regular,Vertės sumažėjimas(-),__export__.account_account_4447,0
__export__.account_account_4450,account.data_account_type_asset,L20180,Regular,Skirtumas dėl grąžinimo,__export__.account_account_4437,0
__export__.account_account_4451,account.account_type_asset_view1,L2019,View,KITAS TRUMPALAIKIS TURTAS,__export__.account_account_4437,0
__export__.account_account_4452,account.data_account_type_asset,L20190,Regular,Trumpalaikis turtas (Įsigijimo savikaina),__export__.account_account_4451,0
__export__.account_account_4453,account.data_account_type_asset,L20191,Regular,Degalai,__export__.account_account_4451,0
__export__.account_account_4454,account.data_account_type_asset,L20192,Regular,Telefono aparatas,__export__.account_account_4451,0
__export__.account_account_4455,account.data_account_type_asset,L20193,Regular,Kanceliarinės prekės,__export__.account_account_4451,0
__export__.account_account_4456,account.account_type_asset_view1,L202,View,IŠANKSTINIAI APMOKĖJIMAI,__export__.account_account_4436,0
__export__.account_account_4457,account.data_account_type_receivable,L2021,Regular,Išankstiniai apmokėjimai tiekėjams LT,__export__.account_account_4456,0
__export__.account_account_4458,account.data_account_type_receivable,L2022,Regular,Išankstiniai apmokėjimai tiekėjams VALIUTA,__export__.account_account_4456,0
__export__.account_account_4459,account.data_account_type_asset,L2024,Regular,Būsimųjų laikotarpių sąnaudos,__export__.account_account_4456,0
__export__.account_account_4460,account.account_type_asset_view1,L2025,View,IŠANKSTINIAI MOKĖJIMAI BIUDŽETUI,__export__.account_account_4456,0
__export__.account_account_4461,account.data_account_type_asset,L202501,Regular,Iš anksto sumokėtas PVM,__export__.account_account_4460,0
__export__.account_account_4462,account.data_account_type_asset,L202599,Regular,Iš anksto sumokėti kiti mokesčiai,__export__.account_account_4460,0
__export__.account_account_4463,account.data_account_type_asset,L2027,Regular,DU būsimųjų laikotarpių sąnaudos,__export__.account_account_4456,0
__export__.account_account_4464,account.data_account_type_expense,L2029,Regular,Abejotinos skolos(-),__export__.account_account_4456,0
__export__.account_account_4465,account.account_type_asset_view1,L203,View,NEBAIGTOS VYKDYTI SUTARTYS,__export__.account_account_4436,0
__export__.account_account_4466,account.data_account_type_asset,L2031,Regular,Savikaina,__export__.account_account_4465,0
__export__.account_account_4467,account.data_account_type_asset,L2032,Regular,Pripažintas pelnas,__export__.account_account_4465,0
__export__.account_account_4468,account.data_account_type_expense,L2033,Regular,Vertės sumažėjimas(-),__export__.account_account_4465,0
__export__.account_account_4469,account.account_type_asset_view1,L24,View,PER VIENERIUS METUS GAUTINOS SUMOS,__export__.account_account_4435,0
__export__.account_account_4470,account.account_type_asset_view1,L241,View,PIRKĖJŲ ĮSISKOLINIMAS,__export__.account_account_4469,0
__export__.account_account_4471,account.data_account_type_receivable,L24101,Receivable,Pirkėjų skolos,__export__.account_account_4470,1
__export__.account_account_4472,account.data_account_type_receivable,L24102,Receivable,Pirkėjai VALIUTA,__export__.account_account_4470,0
__export__.account_account_4473,account.data_account_type_expense,L24190,Regular,Abejotinos skolos LT (-),__export__.account_account_4470,0
__export__.account_account_4474,account.data_account_type_expense,L24191,Regular,Abejotinos skolos VALIUTA (-),__export__.account_account_4470,0
__export__.account_account_4475,account.account_type_asset_view1,L242,View,DUKTERINIŲ IR ASOCIJUOTŲ ĮMONIŲ SKOLOS,__export__.account_account_4469,0
__export__.account_account_4476,account.data_account_type_receivable,L2421,Receivable,Dukterinių įmonių skolos,__export__.account_account_4475,0
__export__.account_account_4477,account.data_account_type_receivable,L2422,Receivable,Asocijuotų įmonių skolos,__export__.account_account_4475,0
__export__.account_account_4478,account.data_account_type_expense,L2429,Regular,Abejotinos skolos(-),__export__.account_account_4475,0
__export__.account_account_4479,account.account_type_asset_view1,L243,View,KITOS GAUTINOS SUMOS,__export__.account_account_4469,0
__export__.account_account_4480,account.data_account_type_receivable,L2431,Regular,Gautinas PVM,__export__.account_account_4479,0
__export__.account_account_4481,account.data_account_type_receivable,L2432,Receivable,Biudžeto skola įmonei,__export__.account_account_4479,0
__export__.account_account_4482,account.data_account_type_receivable,L2433,Receivable,Sodros skola įmonei,__export__.account_account_4479,0
__export__.account_account_4483,account.data_account_type_receivable,L2434,Receivable,Kitos gautinos skolos,__export__.account_account_4479,0
__export__.account_account_4484,account.data_account_type_receivable,L2435,Receivable,Atskaitingi asmenys,__export__.account_account_4479,0
__export__.account_account_4485,account.data_account_type_receivable,L2436,Receivable,Sukauptos gautinos pajamos,__export__.account_account_4479,0
__export__.account_account_4486,account.data_account_type_expense,L2439,Regular,Abejotinos skolos(-),__export__.account_account_4479,0
__export__.account_account_4487,account.account_type_asset_view1,L26,View,KITAS TRUMPALAIKIS TURTAS,__export__.account_account_4435,0
__export__.account_account_4488,account.account_type_asset_view1,L261,View,TRUMPALAIKĖS INVESTICIJOS,__export__.account_account_4487,0
__export__.account_account_4489,account.data_account_type_asset,L2611,Regular,Kitų įmonių akcijos,__export__.account_account_4488,0
__export__.account_account_4490,account.data_account_type_asset,L2612,Regular,Obligacijos,__export__.account_account_4488,0
__export__.account_account_4491,account.data_account_type_asset,L2613,Regular,Kiti vertybiniai popieriai,__export__.account_account_4488,0
__export__.account_account_4492,account.data_account_type_expense,L2619,Regular,Vertės sumažėjimas(-),__export__.account_account_4488,0
__export__.account_account_4493,account.data_account_type_asset,L262,Regular,Terminuoti indėliai,__export__.account_account_4487,0
__export__.account_account_4494,account.account_type_asset_view1,L263,View,KITAS TRUMPALAIKIS TURTAS,__export__.account_account_4487,0
__export__.account_account_4495,account.data_account_type_asset,L2631,Regular,Kitas trumpalaikis turtas,__export__.account_account_4494,0
__export__.account_account_4496,account.data_account_type_asset,L2632,Regular,Iš anksto sumokėtas pelno mokestis,__export__.account_account_4494,0
__export__.account_account_4497,account.account_type_asset_view1,L27,View,PINIGAI IR PINIGŲ EKVIVALENTAI,__export__.account_account_4435,0
__export__.account_account_4498,account.data_account_type_bank,L270,Regular,Pinigų ekvivalentai,__export__.account_account_4497,0
__export__.account_account_4499,account.account_type_asset_view1,L271,View,SĄSKAITOS BANKUOSE,__export__.account_account_4497,0
__export__.account_account_4500,account.data_account_type_bank,L27100,Regular,SWEDBANK LTL,__export__.account_account_4499,0
__export__.account_account_4501,account.data_account_type_bank,L27101,Regular,SWEDBANK EUR,__export__.account_account_4499,0
__export__.account_account_4502,account.data_account_type_bank,L27103,Regular,SWEDBANK USD,__export__.account_account_4499,0
__export__.account_account_4503,account.data_account_type_bank,L27110,Regular,Paypal LTL,__export__.account_account_4499,0
__export__.account_account_4504,account.data_account_type_bank,L27111,Regular,Paypal EUR,__export__.account_account_4499,0
__export__.account_account_4505,account.data_account_type_bank,L27113,Regular,Paypal USD,__export__.account_account_4499,0
__export__.account_account_4506,account.data_account_type_bank,L27120,Regular,ELANCE.COM LTL,__export__.account_account_4499,0
__export__.account_account_4507,account.data_account_type_bank,L27121,Regular,ELANCE.COM EUR,__export__.account_account_4499,0
__export__.account_account_4508,account.data_account_type_bank,L27123,Regular,ELANCE.COM USD,__export__.account_account_4499,0
__export__.account_account_4509,account.data_account_type_bank,L27130,Regular,Šiaulių bankas LTL,__export__.account_account_4499,0
__export__.account_account_4680,account.data_account_type_bank,L27140,Regular,Mokėjimai.lt USD,__export__.account_account_4499,0
__export__.account_account_4681,account.data_account_type_bank,L27141,Regular,Mokejimai.lt EUR,__export__.account_account_4499,0
__export__.account_account_4510,account.data_account_type_cash,L272,View,KASA,__export__.account_account_4497,0
__export__.account_account_4511,account.data_account_type_cash,L2720,Regular,Kasa LTL,__export__.account_account_4510,0
__export__.account_account_4512,account.data_account_type_asset,L273,Regular,Pinigai kelyje,__export__.account_account_4497,0
__export__.account_account_4513,account.data_account_type_expense,L279,Regular,Įšaldytos sąskaitos(-),__export__.account_account_4497,0
__export__.account_account_4514,account.conf_account_type_equity,L3,View,NUOSAVAS KAPITALAS,__export__.account_account_L0,0
__export__.account_account_4515,account.conf_account_type_equity,L30,View,KAPITALAS,__export__.account_account_4514,0
__export__.account_account_4516,account.conf_account_type_equity,L301,View,ĮSTATINIS PASIRAŠYTASIS KAPITALAS,__export__.account_account_4515,0
__export__.account_account_4517,account.conf_account_type_equity,L3011,Regular,Paprastosios akcijos,__export__.account_account_4516,0
__export__.account_account_4518,account.conf_account_type_equity,L3012,Regular,Privilegijuotosios akcijos,__export__.account_account_4516,0
__export__.account_account_4519,account.conf_account_type_equity,L3013,Regular,Darbuotojų akcijos,__export__.account_account_4516,0
__export__.account_account_4520,account.data_account_type_expense,L302,Regular,Pasirašytasis neapmokėtas kapitalas(-),__export__.account_account_4515,0
__export__.account_account_4521,account.conf_account_type_equity,L303,Regular,Akcijų priedai,__export__.account_account_4515,0
__export__.account_account_4522,account.data_account_type_expense,L304,Regular,Savos akcijos(-),__export__.account_account_4515,0
__export__.account_account_4523,account.conf_account_type_equity,L32,View,PERKAINOJIMO REZERVAS (REZULTATAI),__export__.account_account_4514,0
__export__.account_account_4524,account.conf_account_type_equity,L321,Regular,Ilgalaikio materialiojo turto perkainojimo rezultas,__export__.account_account_4523,0
__export__.account_account_4525,account.conf_account_type_equity,L322,Regular,Ilgalaikio finansinio turto perkainojimo rezultatas,__export__.account_account_4523,0
__export__.account_account_4526,account.conf_account_type_equity,L33,View,REZERVAI,__export__.account_account_4514,0
__export__.account_account_4529,account.conf_account_type_equity,L331,Regular,Privalomasis,__export__.account_account_4526,0
__export__.account_account_4530,account.conf_account_type_equity,L332,Regular,Savoms akcijoms įsigyti,__export__.account_account_4526,0
__export__.account_account_4527,account.conf_account_type_equity,L333,Regular,Kiti rezervai,__export__.account_account_4526,0
__export__.account_account_4528,account.conf_account_type_equity,L34,View,NEPASKIRSTYTASIS PELNAS (NUOSTOLIS),__export__.account_account_4514,0
__export__.account_account_4531,account.conf_account_type_equity,L341,View,ATASKAITINIŲ METŲ NEPASKIRSTYTAS PELNAS (NUOSTOLIS),__export__.account_account_4528,0
__export__.account_account_4532,account.conf_account_type_equity,L3411,Regular,Pelno (nuostolio) ataskaitoje pripažintas ataskaitinių metų pelnas,__export__.account_account_4531,0
__export__.account_account_4533,account.conf_account_type_equity,L3412,Regular,Pelno (nuostolio) ataskaitoje nepripažintas ataskaitinių metų pelnas (nuostolis),__export__.account_account_4531,0
__export__.account_account_4534,account.conf_account_type_equity,L342,View,ANKSTESNIŲ METŲ NEPASKIRSTYTASIS PELNAS (NUOSTOLIAI),__export__.account_account_4528,0
__export__.account_account_4535,account.conf_account_type_equity,L3421,Regular,Pelno (nuostolio) ataskaitoje pripažintas ankstesnių metų pelnas,__export__.account_account_4534,0
__export__.account_account_4536,account.conf_account_type_equity,L3422,Regular,Pelno (nuostolio) ataskaitoje nepripažintas gr.nepask.ankst.metų pelnas,__export__.account_account_4534,0
__export__.account_account_4537,account.conf_account_type_equity,L3423,Regular,Ankst.metų apskaitos politikos keitimo pelnas (nuostoliai),__export__.account_account_4534,0
__export__.account_account_4538,account.conf_account_type_equity,L3424,Regular,Ankst.metų esminių klaidų taisymo pelnas (nuostuoliai),__export__.account_account_4534,0
__export__.account_account_4539,account.conf_account_type_equity,L35,View,DOTACIJOS IR SUBSIDIJOS,__export__.account_account_4514,0
__export__.account_account_4540,account.conf_account_type_equity,L3501,Regular,Gautinos dotacijos ir subsidjos,__export__.account_account_4539,0
__export__.account_account_4541,account.conf_account_type_equity,L3511,Regular,Gautos dotacijos ir subsidijos,__export__.account_account_4539,0
__export__.account_account_4542,account.conf_account_type_equity,L390,View,SUVESTINĖS SĄSKAITOS,__export__.account_account_4514,0
__export__.account_account_4543,account.conf_account_type_equity,L3901,Regular,Tranzitinė sąskaita,__export__.account_account_4542,0
__export__.account_account_4544,account.account_type_liability_view1,L4,View,MOKĖTINOS SUMOS IR ĮSIPAREIGOJIMAI,__export__.account_account_L0,0
__export__.account_account_4545,account.account_type_liability_view1,L40,View,PO VIENERIŲ METŲ MOKĖTINOS SUMOS IR ILGALAIKIAI ĮSIPAREIGOJIMAI,__export__.account_account_4544,0
__export__.account_account_4546,account.account_type_liability_view1,L401,View,FINANSINĖS SKOLOS,__export__.account_account_4545,0
__export__.account_account_4547,account.data_account_type_liability,L4011,Regular,Lizingo (finansinės nuomos) ar panašūs įsipareigojimai,__export__.account_account_4546,0
__export__.account_account_4548,account.data_account_type_liability,L4012,Regular,Kredito įstaigoms,__export__.account_account_4546,0
__export__.account_account_4549,account.data_account_type_liability,L4013,Regular,Kitos finansinės skolos,__export__.account_account_4546,0
__export__.account_account_4550,account.account_type_liability_view1,L402,View,SKOLOS TIEKĖJAMS,__export__.account_account_4545,0
__export__.account_account_4551,account.data_account_type_payable,L40201,Regular,Po vienerių metų mokėtinos skolos tiekėjams,__export__.account_account_4550,0
__export__.account_account_4552,account.account_type_liability_view1,L403,View,GAUTI IŠANKSTINIAI APMOKĖJIMAI,__export__.account_account_4545,0
__export__.account_account_4553,account.data_account_type_liability,L40301,Regular,Ilgalaikiai išankstiniai apmokėjimai,__export__.account_account_4552,0
__export__.account_account_4554,account.account_type_liability_view1,L404,View,ATIDĖJIMAI,__export__.account_account_4545,0
__export__.account_account_4555,account.data_account_type_liability,L4041,Regular,Įsipareigojimų ir reikalavimų padengimo atidėjimai,__export__.account_account_4554,0
__export__.account_account_4556,account.data_account_type_liability,L4042,Regular,Pensijų ir panašių įsipareigojimų atidėjimai,__export__.account_account_4554,0
__export__.account_account_4557,account.data_account_type_liability,L4043,Regular,Kiti atidėjimai,__export__.account_account_4554,0
__export__.account_account_4558,account.account_type_liability_view1,L405,View,ATIDĖTIEJI MOKESČIAI,__export__.account_account_4545,0
__export__.account_account_4559,account.data_account_type_liability,L4051,Regular,Atidėtas pelno mokesčio įsipareigojimas,__export__.account_account_4558,0
__export__.account_account_4560,account.account_type_liability_view1,L406,View,KITOS MOKĖTINOS SUMOS IR ILGALAIKIAI ĮSIPAREIGOJIMAI,__export__.account_account_4545,0
__export__.account_account_4561,account.data_account_type_liability,L4061,Regular,Įsipareigojimai pagal mokestinės paskolos sutartis,__export__.account_account_4560,0
__export__.account_account_4562,account.data_account_type_liability,L4062,Regular,Kiti įsipareigojimai,__export__.account_account_4560,0
__export__.account_account_4563,account.account_type_liability_view1,L44,View,PER VIENERIUS METUS MOKĖTINOS SUMOS IR TRUMPALAIKIAI ĮSIPAREIGOJIMAI,__export__.account_account_4544,0
__export__.account_account_4564,account.account_type_liability_view1,L441,View,ILGALAIKIŲ SKOLŲ EINAMŲJŲ METŲ DALIS,__export__.account_account_4563,0
__export__.account_account_4565,account.data_account_type_liability,L4411,Regular,Lizingo (finansinės nuomos) ar panašūs įsipareigojimai,__export__.account_account_4564,0
__export__.account_account_4566,account.data_account_type_liability,L4412,Regular,Prekybos skolos,__export__.account_account_4564,0
__export__.account_account_4567,account.data_account_type_liability,L4413,Regular,Kitos skolos,__export__.account_account_4564,0
__export__.account_account_4568,account.account_type_liability_view1,L442,View,FINANSINĖS SKOLOS,__export__.account_account_4563,0
__export__.account_account_4569,account.data_account_type_liability,L4421,Regular,Kredito institucijoms,__export__.account_account_4568,0
__export__.account_account_4570,account.data_account_type_liability,L4422,Regular,Kitos skolos,__export__.account_account_4568,0
__export__.account_account_4571,account.account_type_liability_view1,L443,View,SKOLOS TIEKĖJAMS,__export__.account_account_4563,0
__export__.account_account_4572,account.data_account_type_payable,L44301,Payable,Skolos tiekėjams,__export__.account_account_4571,0
__export__.account_account_4573,account.data_account_type_payable,L44302,Payable,Skolos tiekėjams VALIUTA,__export__.account_account_4571,0
__export__.account_account_4574,account.account_type_liability_view1,L444,View,GAUTI IŠANKSTINIAI MOKĖJIMAI,__export__.account_account_4563,0
__export__.account_account_4575,account.data_account_type_payable,L44401,Payable,Išankstiniai apmokėjimai LT,__export__.account_account_4574,1
__export__.account_account_4576,account.data_account_type_payable,L44402,Payable,Išankstiniai apmokėjimai VALIUTA,__export__.account_account_4574,1
__export__.account_account_4577,account.data_account_type_payable,L44499,Payable,Būsimųjų laikot. pajamos pripaž. kitais metais,__export__.account_account_4574,0
__export__.account_account_4578,account.account_type_liability_view1,L445,View,PELNO MOKESČIO ĮSIPAREIGOJIMAI,__export__.account_account_4563,0
__export__.account_account_4579,account.account_type_liability_view1,L446,View,SU DARBO SANTYKIAIS SUSIJĘ ĮSIPAREIGOJIMAI,__export__.account_account_4563,0
__export__.account_account_4580,account.account_type_liability_view1,L4461,View,MOKĖTINAS DARBO UŽMOKESTIS,__export__.account_account_4579,0
__export__.account_account_4581,account.data_account_type_payable,L446100,Payable,Mokėtinas DU,__export__.account_account_4580,0
__export__.account_account_4582,account.data_account_type_payable,L4462,Payable,Mokėtinas gyventojų pajamų mokestis,__export__.account_account_4579,0
__export__.account_account_4583,account.data_account_type_payable,L4463,Payable,Mokėtinos socialinio draudimo įmokos,__export__.account_account_4579,0
__export__.account_account_4584,account.data_account_type_payable,L4464,Payable,Mokėtinos garantinio fondo įmokos,__export__.account_account_4579,0
__export__.account_account_4585,account.account_type_liability_view1,L4465,View,KITOS IŠMOKOS DIRBANTIESIEMS,__export__.account_account_4579,0
__export__.account_account_4586,account.data_account_type_payable,L446501,Payable,Kitos išmokos dirbantiesiems,__export__.account_account_4585,0
__export__.account_account_4587,account.data_account_type_payable,L4466,Payable,Atostogų kaupimai,__export__.account_account_4579,0
__export__.account_account_4588,account.account_type_liability_view1,L447,View,ATIDĖJIMAI,__export__.account_account_4563,0
__export__.account_account_4589,account.account_type_liability_view1,L448,View,KITOS MOKĖTINOS SUMOS IR TRUMPALAIKIAI ĮSIPAREIGOJIMAI,__export__.account_account_4563,0
__export__.account_account_4590,account.data_account_type_payable,L4481,Payable,Mokėtini dividendai,__export__.account_account_4589,0
__export__.account_account_4591,account.data_account_type_payable,L4482,Payable,Mokėtinos tantjemos,__export__.account_account_4589,0
__export__.account_account_4592,account.data_account_type_liability,L4483,Regular,Sukauptos sąnaudos,__export__.account_account_4589,0
__export__.account_account_4593,account.data_account_type_liability,L4484,Regular,Mokėtinas PVM,__export__.account_account_4589,0
__export__.account_account_4594,account.account_type_liability_view1,L4485,View,KITI MOKĖTINI MOKESČIAI BIUDŽETUI,__export__.account_account_4589,0
__export__.account_account_4595,account.data_account_type_payable,L448500,Payable,Mokėtinas GPM nuo autorinio atlyginimo,__export__.account_account_4594,0
__export__.account_account_4596,account.data_account_type_payable,L448501,Payable,Mokėtina SODRA nuo autorinio atlyginimo,__export__.account_account_4594,0
__export__.account_account_4597,account.data_account_type_payable,L448510,Payable,Mokėtinas GPM nuo automobilių nuomos,__export__.account_account_4594,0
__export__.account_account_4598,account.data_account_type_payable,L448515,Payable,Mokėtinas NTM,__export__.account_account_4594,0
__export__.account_account_4599,account.data_account_type_payable,L448530,Payable,Mokėtini delspinigiai VMI,__export__.account_account_4594,0
__export__.account_account_4600,account.data_account_type_payable,L448531,Payable,Mokėtinos palūkanos VMI,__export__.account_account_4594,0
__export__.account_account_4601,account.account_type_liability_view1,L4486,View,KITOS MOKĖTINOS SUMOS,__export__.account_account_4589,0
__export__.account_account_4602,account.data_account_type_payable,L448600,Payable,Mokėtinas autorinis atlyginimas,__export__.account_account_4601,0
__export__.account_account_4603,account.data_account_type_payable,L448610,Payable,Mokėtina automobilio nuoma,__export__.account_account_4601,0
__export__.account_account_4604,account.data_account_type_payable,L448698,Payable,Pagal vykdomąjį raštą,__export__.account_account_4601,0
__export__.account_account_4605,account.data_account_type_payable,L448699,Payable,Kitos mokėtinos sumos,__export__.account_account_4601,0
__export__.account_account_4606,account.account_type_income_view1,L5,View,PAJAMOS,__export__.account_account_L0,0
__export__.account_account_4607,account.account_type_income_view1,L50,View,PARDAVIMO PAJAMOS,__export__.account_account_4606,0
__export__.account_account_4608,account.account_type_income_view1,L500,View,PARDAVIMO PAJAMOS,__export__.account_account_4607,0
__export__.account_account_4609,account.data_account_type_receivable,L50000,Receivable,Pardavimo pajamos,__export__.account_account_4608,0
__export__.account_account_4610,account.account_type_income_view1,L501,View,PASLAUGŲ PAJAMOS,__export__.account_account_4607,0
__export__.account_account_4611,account.data_account_type_income,L501000,Regular,Suteiktų paslaugų pajamos,__export__.account_account_4610,1
__export__.account_account_4612,account.data_account_type_receivable,L501001,Receivable,Programavimo pajamos,__export__.account_account_4610,0
__export__.account_account_4613,account.data_account_type_receivable,L501002,Receivable,Banko komisinių pajamos,__export__.account_account_4610,0
__export__.account_account_4614,account.data_account_type_receivable,L501003,Receivable,Serverių nuomos pajamos,__export__.account_account_4610,0
__export__.account_account_4615,account.data_account_type_receivable,L501004,Receivable,Konsultacijų pajamos,__export__.account_account_4610,0
__export__.account_account_4616,account.data_account_type_receivable,L501005,Receivable,Dizaino,__export__.account_account_4610,0
__export__.account_account_4617,account.account_type_income_view1,L505,View,SUTEIKTŲ PASLAUGŲ PAJAMOS,__export__.account_account_4607,0
__export__.account_account_4618,account.data_account_type_receivable,L509,Receivable,Nuolaidos,__export__.account_account_4607,0
__export__.account_account_4619,account.account_type_income_view1,L52,View,KITOS VEIKLOS PAJAMOS,__export__.account_account_4606,0
__export__.account_account_4620,account.data_account_type_receivable,L52101,Receivable,Ilgalaikio turto perleidimo pelnas,__export__.account_account_4619,0
__export__.account_account_4621,account.data_account_type_receivable,L52201,Receivable,Kitos netipinės veiklos pajamos,__export__.account_account_4619,0
__export__.account_account_4622,account.data_account_type_receivable,L52801,Receivable,Tiekėjų skolų koregavimai,__export__.account_account_4619,0
__export__.account_account_4623,account.data_account_type_receivable,L52901,Receivable,Kiti koregavimai,__export__.account_account_4619,0
__export__.account_account_4624,account.account_type_income_view1,L53,View,FINANSINĖS - INVESTICINĖS VEIKLOS PAJAMOS,__export__.account_account_4606,0
__export__.account_account_4625,account.data_account_type_receivable,L532,Receivable,Dividendų pajamos,__export__.account_account_4624,0
__export__.account_account_4626,account.data_account_type_receivable,L533,Receivable,Baudų ir delspinigių pajamos,__export__.account_account_4624,0
__export__.account_account_4627,account.data_account_type_receivable,L534,Receivable,Investicijų perleidimo pelnas,__export__.account_account_4624,0
__export__.account_account_4628,account.data_account_type_receivable,L535,Receivable,Palūkanų pajamos,__export__.account_account_4624,0
__export__.account_account_4629,account.data_account_type_receivable,L536,Receivable,Teigiama valiutų kursų pasikeitimo įtaka,__export__.account_account_4624,0
__export__.account_account_4630,account.data_account_type_receivable,L538,Receivable,Investicijų perkainojimo pajamos,__export__.account_account_4624,0
__export__.account_account_4631,account.data_account_type_receivable,L539,Receivable,Kitos finansinės investicinės veiklos pajamos,__export__.account_account_4624,0
__export__.account_account_4632,account.account_type_income_view1,L54,View,PAGAUTĖ,__export__.account_account_4606,0
__export__.account_account_4633,account.data_account_type_receivable,L5401,Receivable,Pagautė,__export__.account_account_4632,0
__export__.account_account_4634,account.account_type_income_view1,L59,View,PELNO PASKIRSTYMAS,__export__.account_account_4606,0
__export__.account_account_4635,account.data_account_type_receivable,L591,Receivable,Praėjusių metų nepaskirstytasis pelnas,__export__.account_account_4634,0
__export__.account_account_4636,account.data_account_type_receivable,L592,Receivable,Pervedimai iš rezervų,__export__.account_account_4634,0
__export__.account_account_4637,account.data_account_type_receivable,L593,Receivable,Nepaskirstytasis nuostolis,__export__.account_account_4634,0
__export__.account_account_4638,account.data_account_type_receivable,L594,Receivable,Akcininkų įnašai nuotoliams padengti,__export__.account_account_4634,0
__export__.account_account_4639,account.account_type_expense_view1,L6,View,SĄNAUDOS,__export__.account_account_L0,0
__export__.account_account_4640,account.account_type_expense_view1,L60,View,PARDUOTŲ PREKIŲ IR SUTEIKTŲ PASLAUGŲ SAVIKAINA,__export__.account_account_4639,0
__export__.account_account_4641,account.account_type_expense_view1,L600,View,PARDUOTŲ PREKIŲ IR SUTEIKTŲ PASLAUGŲ SAVIKAINA,__export__.account_account_4640,0
__export__.account_account_4642,account.data_account_type_expense,L6000,Regular,Parduotų prekių savikaina,__export__.account_account_4641,0
__export__.account_account_4643,account.data_account_type_expense,L600000,Regular,Parduotų prekių savikaina,__export__.account_account_4641,0
__export__.account_account_4644,account.account_type_expense_view1,L6001,View,SUTEIKTŲ PASLAUGŲ SAVIKAINA,__export__.account_account_4641,0
__export__.account_account_4645,account.data_account_type_expense,L600100,Regular,Suteiktų paslaugų savikaina,__export__.account_account_4644,0
__export__.account_account_4646,account.data_account_type_expense,L600101,Regular,Programavimo paslaugos,__export__.account_account_4644,0
__export__.account_account_4647,account.data_account_type_expense,L600102,Regular,Banko komisinių sąnaudos,__export__.account_account_4644,0
__export__.account_account_4648,account.data_account_type_expense,L600103,Regular,Serverių nuomos sąnaudos,__export__.account_account_4644,0
__export__.account_account_4649,account.data_account_type_expense,L600104,Regular,Konsultacijų sąnaudos,__export__.account_account_4644,0
__export__.account_account_4650,account.data_account_type_expense,L600105,Regular,Dizaino,__export__.account_account_4644,0
__export__.account_account_4655,account.data_account_type_expense,L6002,Regular,Pirkimai,__export__.account_account_4641,0
__export__.account_account_4651,account.data_account_type_expense,L6003,Regular,Tiesioginės gamybos išlaidos,__export__.account_account_4641,0
__export__.account_account_4652,account.data_account_type_expense,L6004,Regular,Netiesioginės gamybos išlaidos,__export__.account_account_4641,0
__export__.account_account_4653,account.data_account_type_expense,L6005,Regular,Atsargų padidėjimas / sumažėjimas,__export__.account_account_4641,0
__export__.account_account_4654,account.data_account_type_expense,L6006,Regular,Pagamintos produkcijos savikaina,__export__.account_account_4641,0
__export__.account_account_4656,account.account_type_expense_view1,L601,View,PARDAVIMŲ SAVIKAINA,__export__.account_account_4640,0
__export__.account_account_4657,account.account_type_expense_view1,L602,View,TIESIOGINĖS GAMYBOS IŠLAIDOS,__export__.account_account_4640,0
__export__.account_account_4658,account.data_account_type_expense,L60201,Regular,Darbuotojų darbo užmokesčio sąnaudos,__export__.account_account_4657,0
__export__.account_account_4659,account.data_account_type_expense,L60202,Regular,Atostoginių sąnaudos,__export__.account_account_4657,0
__export__.account_account_4660,account.data_account_type_expense,L60203,Regular,Ligos pašalpų sąnaudos,__export__.account_account_4657,0
__export__.account_account_4661,account.data_account_type_expense,L60204,Regular,Soc. draudimo sąnaudos nuo DU,__export__.account_account_4657,0
__export__.account_account_4662,account.data_account_type_expense,L60205,Regular,Įmokų į Garantinį fondą sąnaudos nuo DU,__export__.account_account_4657,0
__export__.account_account_4663,account.data_account_type_expense,L60206,Regular,Atostoginių kaupimų sąnaudos,__export__.account_account_4657,0
__export__.account_account_4664,account.data_account_type_expense,L60207,Regular,Atostoginių kaupimų sąnaudos - SODRA,__export__.account_account_4657,0
__export__.account_account_4665,account.data_account_type_expense,L60208,Regular,Atostoginių kaupimų sąnaudos - GF,__export__.account_account_4657,0
__export__.account_account_4666,account.account_type_expense_view1,L603,View,NETIESIOGINĖS GAMYBOS IŠLAIDOS,__export__.account_account_4640,0
__export__.account_account_4667,account.data_account_type_expense,L609,Regular,Nuolaidos ,__export__.account_account_4640,0
__export__.account_account_4668,account.account_type_expense_view1,L61,View,VEIKLOS SĄNAUDOS,__export__.account_account_4639,0
__export__.account_account_4669,account.account_type_expense_view1,L610,View,PARDAVIMŲ SĄNAUDOS,__export__.account_account_4668,0
__export__.account_account_4670,account.data_account_type_expense,L61000,Regular,Komisinių tretiesiems asmenims sąnaudos,__export__.account_account_4669,0
__export__.account_account_4671,account.data_account_type_expense,L61001,Regular,Pardavimo paslaugų sąnaudos,__export__.account_account_4669,0
__export__.account_account_4672,account.data_account_type_expense,L61002,Regular,Skelbimų ir reklamos sąnaudos,__export__.account_account_4669,0
__export__.account_account_4673,account.data_account_type_expense,L61003,Regular,Darbuotojų darbo užmokesčio sąnaudos,__export__.account_account_4669,0
__export__.account_account_4674,account.data_account_type_expense,L61004,Regular,Socialinio draudimo sąnaudos nuo DU,__export__.account_account_4669,0
__export__.account_account_4675,account.data_account_type_expense,L61005,Regular,Įmokų į Garantinį fondą sąnaudos nuo DU,__export__.account_account_4669,0
__export__.account_account_4678,account.account_type_expense_view1,L6112,View,SPAUDOS,__export__.account_account_4668,0
__export__.account_account_4679,account.data_account_type_expense,L611201,Regular,Interneto paslaugų sąnaudos,__export__.account_account_4678,0
__export__.account_account_4676,account.account_type_expense_view1,L63,View,FINANSINĖS INVESTICINĖS VEIKLOS SĄNAUDOS,__export__.account_account_4639,0
__export__.account_account_4677,account.data_account_type_expense,L636,Regular,Neigiama valiutų kursų pasikeitimo įtaka,__export__.account_account_4676,0
